scenario,cluster_count,cluster_size,sample_size,epsilon,method,effect,replications,bias,mcse_bias,rmse,mcse_rmse,projected_rmse,mcse_projected_rmse,outside_parameter_space,empirical_standard_deviation,average_standard_error,standard_error_ratio,coverage,mcse_coverage,coverage_low,coverage_high,average_interval_length,average_projected_interval_length
linear,50,8,400,0.5,laplace,direct_high,400,0.03073394457,0.02358123514,0.4720363979,0.01682723239,0.4495261628,0.01362496764,0.0525,0.4716247028,0.4952618413,1.050118534,0.96,0.009797958971,0.9360177523,0.9752309369,1.990531865,1.55683265
linear,50,8,400,0.5,laplace,direct_low,400,0.004029641786,0.02519797282,0.5033452432,0.01680798427,0.4774316332,0.01364278958,0.0525,0.5039594564,0.5007489274,0.9936293903,0.965,0.009188987975,0.9421148605,0.9790387058,2.012585289,1.560850887
linear,50,8,400,0.5,laplace,spillover_control,400,-0.03373273705,0.02500082987,0.5005291736,0.01809735561,0.4784495095,0.01489224053,0.0525,0.5000165973,0.5012089195,1.002384565,0.95,0.01089724736,0.9240363649,0.9674025702,2.014434067,1.576873633
linear,50,8,400,0.5,laplace,spillover_treated,400,-0.007028434265,0.02684029306,0.5361805015,0.01930459358,0.5010187673,0.01531369353,0.0875,0.5368058612,0.524934258,0.9778847363,0.945,0.01139901312,0.9181325522,0.9634015059,2.109789772,1.590237331
linear,50,8,400,0.5,naive_bit,direct_high,400,-0.118890625,0.005877713887,0.1670911171,0.005241765864,0.1670911171,0.005241765864,0,0.1175542777,0.1220322014,1.038092392,0.8875,0.01579903082,0.8527764307,0.9148515412,0.49046578,0.49046578
linear,50,8,400,0.5,naive_bit,direct_low,400,-0.114546875,0.005994049921,0.1657000655,0.004962006061,0.1657000655,0.004962006061,0,0.1198809984,0.1190271407,0.9928774561,0.81,0.01961504525,0.7686762284,0.8454261492,0.4783879892,0.4783879892
linear,50,8,400,0.5,naive_bit,spillover_control,400,-0.108546875,0.008394509804,0.1997475262,0.006834173793,0.1997475262,0.006834173793,0,0.1678901961,0.1719314519,1.024070827,0.8975,0.01516523574,0.863896579,0.923541147,0.6910183765,0.6906613097
linear,50,8,400,0.5,naive_bit,spillover_treated,400,-0.112890625,0.008522336962,0.204263932,0.007809483153,0.204263932,0.007809483153,0,0.1704467392,0.1805587093,1.059326275,0.9275,0.01296569994,0.8978175067,0.9490494816,0.7256926222,0.7256926222
linear,50,8,400,0.5,nonprivate,direct_high,400,0.00588592904,0.004481341315,0.08970802492,0.003545459745,0.08970802492,0.003545459745,0,0.08962682631,0.09100808313,1.015411199,0.955,0.01036520622,0.9299952708,0.9713485413,0.3657751805,0.3657751805
linear,50,8,400,0.5,nonprivate,direct_low,400,-0.008892600466,0.004144694945,0.08326642974,0.00304431804,0.08326642974,0.00304431804,0,0.0828938989,0.0774648199,0.9345056866,0.92,0.01356465997,0.8892454232,0.9427642496,0.3113427676,0.3113427676
linear,50,8,400,0.5,nonprivate,spillover_control,400,-0.003009461889,0.006247450246,0.1248290033,0.004926089276,0.1248290033,0.004926089276,0,0.1249490049,0.1241448867,0.993564429,0.945,0.01139901312,0.9181325522,0.9634015059,0.4989569804,0.4989569804
linear,50,8,400,0.5,nonprivate,spillover_treated,400,0.01176906762,0.008213140261,0.1644789484,0.005932442346,0.1644789484,0.005932442346,0,0.1642628052,0.1701253015,1.035689737,0.95,0.01089724736,0.9240363649,0.9674025702,0.6837591862,0.6837591862
linear,50,8,400,0.5,one_bit,direct_high,400,0.01471355744,0.01807926903,0.3614327272,0.01390084033,0.353820221,0.01275315047,0.02,0.3615853806,0.3628563577,1.003515012,0.9525,0.01063528914,0.9270084506,0.969382923,1.458374302,1.325912805
linear,50,8,400,0.5,one_bit,direct_low,400,-0.03024641736,0.01725284812,0.3459501298,0.01310392405,0.3427612231,0.01223122022,0.01,0.3450569624,0.3592543866,1.041145161,0.9575,0.01008634597,0.9329979457,0.973298305,1.443897438,1.335843917
linear,50,8,400,0.5,one_bit,spillover_control,400,-0.02145245934,0.01848161969,0.3697928397,0.01333825257,0.3627020215,0.01144542146,0.0075,0.3696323938,0.3723909844,1.007463065,0.9475,0.01115165346,0.9210780249,0.9654084716,1.496695401,1.365685018
linear,50,8,400,0.5,one_bit,spillover_treated,400,0.02350751546,0.01872769364,0.3748232656,0.0139598208,0.369024776,0.01287586791,0.0175,0.3745538729,0.3888730312,1.038229903,0.9575,0.01008634597,0.9329979457,0.973298305,1.562939228,1.400051621
linear,50,8,400,1,laplace,direct_high,400,0.0100615928,0.01312826546,0.2624298495,0.00967085928,0.2624298495,0.00967085928,0,0.2625653092,0.2657486934,1.012124161,0.9675,0.008866192813,0.9451958472,0.9809101576,1.068083987,1.044044916
linear,50,8,400,1,laplace,direct_low,400,-0.003751664726,0.01291970665,0.2580982064,0.01029344616,0.2567355023,0.009800300069,0.0025,0.258394133,0.2551486582,0.9874398279,0.94,0.01187434209,0.9122771511,0.9593520299,1.025480851,1.001922773
linear,50,8,400,1,laplace,spillover_control,400,0.000978655079,0.01384380205,0.2765314612,0.0101872612,0.2758979023,0.009997630052,0.0025,0.276876041,0.2783178121,1.00520728,0.955,0.01036520622,0.9299952708,0.9713485413,1.118601167,1.080716235
linear,50,8,400,1,laplace,spillover_treated,400,0.01479191261,0.01478924521,0.2957850375,0.0102893011,0.2947925906,0.01002394356,0.0025,0.2957849041,0.2998246017,1.013657551,0.9525,0.01063528914,0.9270084506,0.969382923,1.20504019,1.167459671
linear,50,8,400,1,naive_bit,direct_high,400,-0.08796875,0.006214434955,0.1521432302,0.005120557539,0.1521432302,0.005120557539,0,0.1242886991,0.1236368946,0.994755722,0.905,0.01466074691,0.8722916531,0.9300033885,0.4969152836,0.4969152836
linear,50,8,400,1,naive_bit,direct_low,400,-0.0760625,0.006294776168,0.1469542871,0.004513569711,0.1469542871,0.004513569711,0,0.1258955234,0.1184220747,0.9406376936,0.855,0.01760504189,0.8171167607,0.8861295103,0.4759561378,0.4759561378
linear,50,8,400,1,naive_bit,spillover_control,400,-0.069125,0.0087046601,0.1871120988,0.006663084964,0.1871120988,0.006663084964,0,0.174093202,0.1668459966,0.9583716919,0.9125,0.01412831819,0.8807392674,0.9364130898,0.6705791662,0.6705791662
linear,50,8,400,1,naive_bit,spillover_treated,400,-0.08103125,0.009319923719,0.203035942,0.008133863995,0.203035942,0.008133863995,0,0.1863984744,0.1845766473,0.9902261693,0.9325,0.01254429651,0.9035733346,0.9531985308,0.7418413194,0.7418413194
linear,50,8,400,1,nonprivate,direct_high,400,0.00588592904,0.004481341315,0.08970802492,0.003545459745,0.08970802492,0.003545459745,0,0.08962682631,0.09100808313,1.015411199,0.955,0.01036520622,0.9299952708,0.9713485413,0.3657751805,0.3657751805
linear,50,8,400,1,nonprivate,direct_low,400,-0.008892600466,0.004144694945,0.08326642974,0.00304431804,0.08326642974,0.00304431804,0,0.0828938989,0.0774648199,0.9345056866,0.92,0.01356465997,0.8892454232,0.9427642496,0.3113427676,0.3113427676
linear,50,8,400,1,nonprivate,spillover_control,400,-0.003009461889,0.006247450246,0.1248290033,0.004926089276,0.1248290033,0.004926089276,0,0.1249490049,0.1241448867,0.993564429,0.945,0.01139901312,0.9181325522,0.9634015059,0.4989569804,0.4989569804
linear,50,8,400,1,nonprivate,spillover_treated,400,0.01176906762,0.008213140261,0.1644789484,0.005932442346,0.1644789484,0.005932442346,0,0.1642628052,0.1701253015,1.035689737,0.95,0.01089724736,0.9240363649,0.9674025702,0.6837591862,0.6837591862
linear,50,8,400,1,one_bit,direct_high,400,-0.001536115645,0.01045094384,0.2087630912,0.007294104038,0.2087630912,0.007294104038,0,0.2090188767,0.2081244926,0.9957210365,0.9525,0.01063528914,0.9270084506,0.969382923,0.8364836531,0.8334111659
linear,50,8,400,1,one_bit,direct_low,400,0.0005583708134,0.0105679884,0.2110961414,0.007983182297,0.2107518348,0.00780483566,0.0025,0.211359768,0.2016085041,0.9538641435,0.935,0.01232629304,0.9064647858,0.9552595181,0.8102949148,0.8050882208
linear,50,8,400,1,one_bit,spillover_control,400,0.009641909921,0.01201635359,0.2402200557,0.008442217997,0.2402200557,0.008442217997,0,0.2403270719,0.2250380549,0.9363824604,0.93,0.01275735082,0.9006910536,0.9511283733,0.9044618049,0.8935902175
linear,50,8,400,1,one_bit,spillover_treated,400,0.007547423462,0.01309602232,0.2617016967,0.009500511122,0.2617016967,0.009500511122,0,0.2619204464,0.2523089535,0.9633037701,0.935,0.01232629304,0.9064647858,0.9552595181,1.01406765,1.00312297
linear,50,8,400,2,laplace,direct_high,400,-0.003685645707,0.007822534044,0.1562984565,0.00570427306,0.1562984565,0.00570427306,0,0.1564506809,0.1558733424,0.9963097732,0.9525,0.01063528914,0.9270084506,0.969382923,0.626478418,0.626478418
linear,50,8,400,2,laplace,direct_low,400,-0.008621215508,0.007239314737,0.1448619647,0.004883734541,0.1448619647,0.004883734541,0,0.1447862947,0.1436956657,0.9924673183,0.9425,0.01163977556,0.9151991623,0.9613824572,0.5775345028,0.5772959809
linear,50,8,400,2,laplace,spillover_control,400,0.01146160211,0.008814835194,0.1764488447,0.006667044685,0.1764488447,0.006667044685,0,0.1762967039,0.1780725628,1.010073126,0.9475,0.01115165346,0.9210780249,0.9654084716,0.7157004253,0.7150960138
linear,50,8,400,2,laplace,spillover_treated,400,0.01639717191,0.00999575999,0.2003373134,0.006786057409,0.2003373134,0.006786057409,0,0.1999151998,0.2101243073,1.05106719,0.96,0.009797958971,0.9360177523,0.9752309369,0.8445212092,0.8444859607
linear,50,8,400,2,naive_bit,direct_high,400,-0.0415625,0.006386143297,0.1341632925,0.005054918992,0.1341632925,0.005054918992,0,0.1277228659,0.1246539895,0.9759723801,0.9375,0.01210307296,0.9093658839,0.9573108586,0.5010031409,0.5010031409
linear,50,8,400,2,naive_bit,direct_low,400,-0.04509375,0.006049582482,0.1289799524,0.004586307293,0.1289799524,0.004586307293,0,0.1209916496,0.115867065,0.9576451375,0.885,0.01595109714,0.850008456,0.9126670774,0.4656871691,0.4656871691
linear,50,8,400,2,naive_bit,spillover_control,400,-0.03146875,0.007974635094,0.1623718244,0.006031871438,0.1623718244,0.006031871438,0,0.1594927019,0.1585722143,0.9942286539,0.9275,0.01296569994,0.8978175067,0.9490494816,0.6373255903,0.6373255903
linear,50,8,400,2,naive_bit,spillover_treated,400,-0.0279375,0.009197392931,0.1858298323,0.007339068282,0.1858298323,0.007339068282,0,0.1839478586,0.1865486654,1.014138826,0.955,0.01036520622,0.9299952708,0.9713485413,0.7497671571,0.7497671571
linear,50,8,400,2,nonprivate,direct_high,400,0.00588592904,0.004481341315,0.08970802492,0.003545459745,0.08970802492,0.003545459745,0,0.08962682631,0.09100808313,1.015411199,0.955,0.01036520622,0.9299952708,0.9713485413,0.3657751805,0.3657751805
linear,50,8,400,2,nonprivate,direct_low,400,-0.008892600466,0.004144694945,0.08326642974,0.00304431804,0.08326642974,0.00304431804,0,0.0828938989,0.0774648199,0.9345056866,0.92,0.01356465997,0.8892454232,0.9427642496,0.3113427676,0.3113427676
linear,50,8,400,2,nonprivate,spillover_control,400,-0.003009461889,0.006247450246,0.1248290033,0.004926089276,0.1248290033,0.004926089276,0,0.1249490049,0.1241448867,0.993564429,0.945,0.01139901312,0.9181325522,0.9634015059,0.4989569804,0.4989569804
linear,50,8,400,2,nonprivate,spillover_treated,400,0.01176906762,0.008213140261,0.1644789484,0.005932442346,0.1644789484,0.005932442346,0,0.1642628052,0.1701253015,1.035689737,0.95,0.01089724736,0.9240363649,0.9674025702,0.6837591862,0.6837591862
linear,50,8,400,2,one_bit,direct_high,400,-0.003790390747,0.007464871999,0.1491588695,0.005518774329,0.1491588695,0.005518774329,0,0.14929744,0.1458065991,0.9766182135,0.9575,0.01008634597,0.9329979457,0.973298305,0.586018662,0.586018662
linear,50,8,400,2,one_bit,direct_low,400,-0.0147929126,0.007001169989,0.1406284693,0.005323528356,0.1406284693,0.005323528356,0,0.1400233998,0.1357573033,0.9695329744,0.925,0.01316956719,0.8949522937,0.9469622561,0.5456290298,0.5455928534
linear,50,8,400,2,one_bit,spillover_control,400,0.00150266968,0.008476827422,0.1693311627,0.006331375795,0.1693311627,0.006331375795,0,0.1695365484,0.1689886393,0.9967681944,0.9375,0.01210307296,0.9093658839,0.9573108586,0.6791907696,0.6788946681
linear,50,8,400,2,one_bit,spillover_treated,400,0.01250519153,0.009998112363,0.2001032681,0.007313945456,0.2001032681,0.007313945456,0,0.1999622473,0.2025130751,1.012756547,0.9425,0.01163977556,0.9151991623,0.9613824572,0.8139305218,0.8136659601
linear,100,8,800,0.5,laplace,direct_high,400,0.02993779938,0.01683471648,0.3376032224,0.01234463776,0.3335120223,0.01114519472,0.0075,0.3366943297,0.3533913273,1.049590968,0.9825,0.006556247021,0.9643229271,0.9914977089,1.402410124,1.292752807
linear,100,8,800,0.5,laplace,direct_low,400,-0.0077840604,0.01692025731,0.3380715005,0.01205431337,0.3372740428,0.0118979784,0.0025,0.3384051461,0.3543695154,1.047175315,0.9475,0.01115165346,0.9210780249,0.9654084716,1.406291999,1.313379947
linear,100,8,800,0.5,laplace,spillover_control,400,-0.02400172977,0.01818618106,0.3640607347,0.01218722183,0.3619334228,0.01178121628,0.0075,0.3637236213,0.3579111412,0.9840195145,0.9475,0.01115165346,0.9210780249,0.9654084716,1.420346707,1.310924594
linear,100,8,800,0.5,laplace,spillover_treated,400,0.01372013001,0.01811152573,0.3620375123,0.01287478986,0.3591227274,0.01222240398,0.005,0.3622305146,0.3711281828,1.024563552,0.9575,0.01008634597,0.9329979457,0.973298305,1.472797663,1.34065695
linear,100,8,800,0.5,naive_bit,direct_high,400,-0.1249296875,0.004541481443,0.1543917849,0.00424785833,0.1543917849,0.00424785833,0,0.09082962885,0.08832899424,0.9724689549,0.74,0.0219317122,0.6948757458,0.780558353,0.3505277754,0.3505277754
linear,100,8,800,0.5,naive_bit,direct_low,400,-0.09734375,0.00432314615,0.1301266811,0.003774682491,0.1301266811,0.003774682491,0,0.086462923,0.08680340362,1.00393788,0.785,0.0205411173,0.7421294765,0.8224485158,0.3444735698,0.3444735698
linear,100,8,800,0.5,naive_bit,spillover_control,400,-0.1080625,0.006133078498,0.1633577363,0.004900644793,0.1633577363,0.004900644793,0,0.12266157,0.1233359372,1.005497788,0.83,0.01878163997,0.7900908679,0.8636310178,0.4894505148,0.4894505148
linear,100,8,800,0.5,naive_bit,spillover_treated,400,-0.1356484375,0.006459242631,0.1872097832,0.005396495239,0.1872097832,0.005396495239,0,0.1291848526,0.1307303906,1.011963771,0.845,0.01809523418,0.8062691036,0.8771674133,0.5187949144,0.5187949144
linear,100,8,800,0.5,nonprivate,direct_high,400,0.001130718762,0.003248468123,0.06489795096,0.002299557254,0.06489795096,0.002299557255,0,0.06496936247,0.06486403156,0.9983787603,0.9625,0.009499177596,0.9390561576,0.9771449702,0.2574086219,0.2574086219
linear,100,8,800,0.5,nonprivate,direct_low,400,0.001316964731,0.002755852179,0.05506385536,0.002101758772,0.05506385536,0.002101758772,0,0.05511704358,0.05657933923,1.026530735,0.9425,0.01163977556,0.9151991623,0.9613824572,0.224531368,0.224531368
linear,100,8,800,0.5,nonprivate,spillover_control,400,-0.004582707214,0.004335385556,0.086720429,0.003041401422,0.08672042901,0.003041401423,0,0.08670771113,0.0881778573,1.016955195,0.95,0.01089724736,0.9240363649,0.9674025702,0.3499279984,0.3499279984
linear,100,8,800,0.5,nonprivate,spillover_treated,400,-0.004768953183,0.00579906711,0.1159344016,0.004109346733,0.1159344016,0.004109346733,0,0.1159813422,0.1214986079,1.047570286,0.96,0.009797958971,0.9360177523,0.9752309369,0.4821591946,0.4821591946
linear,100,8,800,0.5,one_bit,direct_high,400,0.002568733218,0.01393854769,0.2784341214,0.009511053607,0.2784341214,0.009511053607,0,0.2787709538,0.2605708441,0.9347130342,0.94,0.01187434209,0.9122771511,0.9593520299,1.034058172,1.013850962
linear,100,8,800,0.5,one_bit,direct_low,400,0.006562585501,0.01277708613,0.2553064543,0.009554888693,0.2553064543,0.009554888693,0,0.2555417226,0.260513516,1.019455897,0.9575,0.01008634597,0.9329979457,0.973298305,1.033830669,1.015421246
linear,100,8,800,0.5,one_bit,spillover_control,400,-0.01721069251,0.01409748103,0.2821224158,0.01016446197,0.2819268236,0.01011183336,0.0025,0.2819496205,0.2685687284,0.9525415495,0.92,0.01356465997,0.8892454232,0.9427642496,1.065797247,1.043631293
linear,100,8,800,0.5,one_bit,spillover_treated,400,-0.02120454479,0.01397188957,0.279892655,0.01047412049,0.279892655,0.01047412049,0,0.2794377915,0.2827776875,1.011952199,0.9525,0.01063528914,0.9270084506,0.969382923,1.122184562,1.10120979
linear,100,8,800,1,laplace,direct_high,400,0.01009431847,0.009176163775,0.1835714736,0.006451703663,0.1835714736,0.006451703663,0,0.1835232755,0.1851328501,1.008770411,0.945,0.01139901312,0.9181325522,0.9634015059,0.7346874787,0.7339132665
linear,100,8,800,1,laplace,direct_low,400,0.006415664929,0.009263805574,0.1851555566,0.006533562367,0.1851555566,0.006533562367,0,0.1852761115,0.1832354258,0.9889857051,0.96,0.009797958971,0.9360177523,0.9752309369,0.7271576758,0.7262619544
linear,100,8,800,1,laplace,spillover_control,400,-0.006617805904,0.009828037262,0.1964264025,0.006643520341,0.1964264025,0.006643520341,0,0.1965607452,0.1947569059,0.9908229929,0.955,0.01036520622,0.9299952708,0.9713485413,0.7728799082,0.77173034
linear,100,8,800,1,laplace,spillover_treated,400,-0.00293915237,0.01120969355,0.2239327426,0.007952600004,0.2239327426,0.007952600004,0,0.2241938711,0.212896283,0.9496079532,0.9375,0.01210307296,0.9093658839,0.9573108586,0.8448648273,0.8432866794
linear,100,8,800,1,naive_bit,direct_high,400,-0.086953125,0.0040412247,0.1186470113,0.003459011148,0.1186470113,0.003459011148,0,0.080824494,0.08846774145,1.094565979,0.86,0.01734935157,0.8225607695,0.8905903786,0.3510783845,0.3510783845
linear,100,8,800,1,naive_bit,direct_low,400,-0.0753828125,0.004379190097,0.1154742979,0.003455490569,0.1154742979,0.003455490569,0,0.08758380194,0.08576881849,0.9792771791,0.8325,0.01867108393,0.7927798983,0.8658944259,0.3403678871,0.3403678871
linear,100,8,800,1,naive_bit,spillover_control,400,-0.0783203125,0.005671141841,0.1377194591,0.004420263977,0.1377194591,0.004420263977,0,0.1134228368,0.1185375604,1.045094302,0.875,0.01653594569,0.8389809025,0.9038848768,0.4704084736,0.4704084736
linear,100,8,800,1,naive_bit,spillover_treated,400,-0.089890625,0.006272554805,0.1542042705,0.00504584267,0.1542042705,0.00504584267,0,0.1254510961,0.1318047397,1.050646378,0.925,0.01316956719,0.8949522937,0.9469622561,0.5230583977,0.5230583977
linear,100,8,800,1,nonprivate,direct_high,400,0.001130718762,0.003248468123,0.06489795096,0.002299557254,0.06489795096,0.002299557255,0,0.06496936247,0.06486403156,0.9983787603,0.9625,0.009499177596,0.9390561576,0.9771449702,0.2574086219,0.2574086219
linear,100,8,800,1,nonprivate,direct_low,400,0.001316964731,0.002755852179,0.05506385536,0.002101758772,0.05506385536,0.002101758772,0,0.05511704358,0.05657933923,1.026530735,0.9425,0.01163977556,0.9151991623,0.9613824572,0.224531368,0.224531368
linear,100,8,800,1,nonprivate,spillover_control,400,-0.004582707214,0.004335385556,0.086720429,0.003041401422,0.08672042901,0.003041401423,0,0.08670771113,0.0881778573,1.016955195,0.95,0.01089724736,0.9240363649,0.9674025702,0.3499279984,0.3499279984
linear,100,8,800,1,nonprivate,spillover_treated,400,-0.004768953183,0.00579906711,0.1159344016,0.004109346733,0.1159344016,0.004109346733,0,0.1159813422,0.1214986079,1.047570286,0.96,0.009797958971,0.9360177523,0.9752309369,0.4821591946,0.4821591946
linear,100,8,800,1,one_bit,direct_high,400,0.005385663591,0.006793251458,0.1358019266,0.00479046021,0.1358019266,0.00479046021,0,0.1358650292,0.1492384828,1.098431905,0.9775,0.007415144975,0.9577973424,0.9881184165,0.5922430548,0.5922430548
linear,100,8,800,1,one_bit,direct_low,400,-0.01059243693,0.007520534064,0.1505955322,0.005241870178,0.1505955322,0.005241870178,0,0.1504106813,0.1455605113,0.9677538192,0.935,0.01232629304,0.9064647858,0.9552595181,0.5776472678,0.5776472678
linear,100,8,800,1,one_bit,spillover_control,400,-0.009401539667,0.007661621179,0.1533292671,0.005189064958,0.1533292671,0.005189064958,0,0.1532324236,0.1603601686,1.046515906,0.95,0.01089724736,0.9240363649,0.9674025702,0.6363787299,0.6363787299
linear,100,8,800,1,one_bit,spillover_treated,400,0.006576560856,0.008749224801,0.1748893252,0.00578811379,0.1748893252,0.00578811379,0,0.174984496,0.1807217614,1.032787278,0.9575,0.01008634597,0.9329979457,0.973298305,0.717182365,0.717182365
linear,100,8,800,2,laplace,direct_high,400,0.006406410904,0.005104400145,0.1021613799,0.003348480526,0.1021613799,0.003348480526,0,0.1020880029,0.1079957589,1.057869248,0.9625,0.009499177596,0.9390561576,0.9771449702,0.428574031,0.428574031
linear,100,8,800,2,laplace,direct_low,400,-0.001274492491,0.005033963342,0.1005614156,0.003552575241,0.1005614156,0.003552575241,0,0.1006792668,0.1039416542,1.032403765,0.945,0.01139901312,0.9181325522,0.9634015059,0.4124855843,0.4124855843
linear,100,8,800,2,laplace,spillover_control,400,-0.008914620136,0.005888050108,0.1179510702,0.003998888347,0.1179510702,0.003998888347,0,0.1177610022,0.1230639738,1.045031645,0.9425,0.01163977556,0.9151991623,0.9613824572,0.4883712459,0.4883712459
linear,100,8,800,2,laplace,spillover_treated,400,-0.001233716742,0.007355403486,0.1469292492,0.005001893234,0.1469292492,0.005001893234,0,0.1471080697,0.1498299303,1.018502456,0.955,0.01036520622,0.9299952708,0.9713485413,0.594590175,0.594590175
linear,100,8,800,2,naive_bit,direct_high,400,-0.0374296875,0.004438869282,0.09624293298,0.003329323716,0.09624293298,0.003329323716,0,0.08877738565,0.0879667375,0.990868754,0.935,0.01232629304,0.9064647858,0.9552595181,0.3490901834,0.3490901834
linear,100,8,800,2,naive_bit,direct_low,400,-0.0297734375,0.004039980128,0.0860157655,0.003085842008,0.0860157655,0.003085842008,0,0.08079960255,0.08439710819,1.044523804,0.9125,0.01412831819,0.8807392674,0.9364130898,0.3349243454,0.3349243454
linear,100,8,800,2,naive_bit,spillover_control,400,-0.0404609375,0.005562060734,0.1182402587,0.004194352169,0.1182402587,0.004194352169,0,0.1112412147,0.1114452189,1.001833891,0.9225,0.0133691576,0.892095046,0.9448670653,0.4422629851,0.4422629851
linear,100,8,800,2,naive_bit,spillover_treated,400,-0.0481171875,0.006550117536,0.1394057947,0.004626502849,0.1394057947,0.004626502849,0,0.1310023507,0.1342399335,1.024713929,0.9525,0.01063528914,0.9270084506,0.969382923,0.5327223032,0.5327223032
linear,100,8,800,2,nonprivate,direct_high,400,0.001130718762,0.003248468123,0.06489795096,0.002299557254,0.06489795096,0.002299557255,0,0.06496936247,0.06486403156,0.9983787603,0.9625,0.009499177596,0.9390561576,0.9771449702,0.2574086219,0.2574086219
linear,100,8,800,2,nonprivate,direct_low,400,0.001316964731,0.002755852179,0.05506385536,0.002101758772,0.05506385536,0.002101758772,0,0.05511704358,0.05657933923,1.026530735,0.9425,0.01163977556,0.9151991623,0.9613824572,0.224531368,0.224531368
linear,100,8,800,2,nonprivate,spillover_control,400,-0.004582707214,0.004335385556,0.086720429,0.003041401422,0.08672042901,0.003041401423,0,0.08670771113,0.0881778573,1.016955195,0.95,0.01089724736,0.9240363649,0.9674025702,0.3499279984,0.3499279984
linear,100,8,800,2,nonprivate,spillover_treated,400,-0.004768953183,0.00579906711,0.1159344016,0.004109346733,0.1159344016,0.004109346733,0,0.1159813422,0.1214986079,1.047570286,0.96,0.009797958971,0.9360177523,0.9752309369,0.4821591946,0.4821591946
linear,100,8,800,2,one_bit,direct_high,400,0.002906620948,0.005195503837,0.1038208035,0.003594377304,0.1038208035,0.003594377304,0,0.1039100768,0.1028326776,0.9896314273,0.9525,0.01063528914,0.9270084506,0.969382923,0.408084684,0.408084684
linear,100,8,800,2,one_bit,direct_low,400,0.001928721922,0.004735056322,0.09460233907,0.003603379715,0.09460233907,0.003603379715,0,0.09470112643,0.09881591616,1.043450272,0.945,0.01139901312,0.9181325522,0.9634015059,0.3921444318,0.3921444318
linear,100,8,800,2,one_bit,spillover_control,400,-0.01007450451,0.005954293773,0.1193628408,0.00433936298,0.1193628408,0.00433936298,0,0.1190858755,0.1185974958,0.9958989285,0.945,0.01139901312,0.9181325522,0.9634015059,0.470646323,0.470646323
linear,100,8,800,2,one_bit,spillover_treated,400,-0.009096605486,0.007172447939,0.1435580301,0.004852645364,0.1435580301,0.004852645364,0,0.1434489588,0.1459632654,1.017527535,0.9625,0.009499177596,0.9390561576,0.9771449702,0.5792455711,0.5792455711
linear,200,8,1600,0.5,laplace,direct_high,400,-0.006449060197,0.01303492448,0.2604522673,0.009620560516,0.2604522673,0.009620560516,0,0.2606984895,0.2502783284,0.9600298368,0.935,0.01232629304,0.9064647858,0.9552595181,0.987075975,0.9736320677
linear,200,8,1600,0.5,laplace,direct_low,400,0.01204776973,0.01249467324,0.2498715184,0.008983520954,0.2498715184,0.008983520954,0,0.2498934649,0.2520798698,1.008749348,0.95,0.01089724736,0.9240363649,0.9674025702,0.9941810979,0.9811753245
linear,200,8,1600,0.5,laplace,spillover_control,400,0.003125067298,0.01273674501,0.2544354745,0.009613831761,0.2541196301,0.009508346912,0.0025,0.2547349001,0.254623034,0.999560853,0.955,0.01036520622,0.9299952708,0.9713485413,1.004211117,0.9911141819
linear,200,8,1600,0.5,laplace,spillover_treated,400,-0.01537176262,0.01305899549,0.2613057577,0.009533030491,0.2613057577,0.00953303049,0,0.2611799098,0.2642918931,1.011915094,0.955,0.01036520622,0.9299952708,0.9713485413,1.042344256,1.030107916
linear,200,8,1600,0.5,naive_bit,direct_high,400,-0.1246445313,0.002997235209,0.1382774143,0.002914750613,0.1382774143,0.002914750613,0,0.05994470418,0.06228516971,1.039043742,0.5,0.025,0.4512345042,0.5487654958,0.2456472961,0.2456472961
linear,200,8,1600,0.5,naive_bit,direct_low,400,-0.0997265625,0.003192724376,0.1183747834,0.002662615474,0.1183747834,0.002662615474,0,0.06385448752,0.06152870193,0.9635767871,0.62,0.0242693222,0.5715045437,0.6662125056,0.2426638528,0.2426638528
linear,200,8,1600,0.5,naive_bit,spillover_control,400,-0.0986015625,0.004298631074,0.1307481608,0.004180538231,0.1307481608,0.004180538231,0,0.08597262148,0.08699879886,1.011936095,0.8,0.02,0.7580296831,0.8362629403,0.3431157015,0.3431157015
linear,200,8,1600,0.5,naive_bit,spillover_treated,400,-0.1235195313,0.004589907306,0.1538275235,0.004494722153,0.1538275235,0.004494722153,0,0.09179814612,0.09211435825,1.003444646,0.7575,0.02142975443,0.7131775779,0.7969235905,0.3632910232,0.3632910232
linear,200,8,1600,0.5,nonprivate,direct_high,400,0.001555275647,0.002259060699,0.04515149637,0.001530922358,0.04515149637,0.001530922358,0,0.04518121399,0.04608143192,1.019924607,0.945,0.01139901312,0.9181325522,0.9634015059,0.1817411625,0.1817411625
linear,200,8,1600,0.5,nonprivate,direct_low,400,0.0004936112281,0.002114662271,0.04224322979,0.001646336321,0.04224322979,0.001646336321,0,0.04229324542,0.04018299356,0.9501042816,0.925,0.01316956719,0.8949522937,0.9469622561,0.1584782342,0.1584782342
linear,200,8,1600,0.5,nonprivate,spillover_control,400,0.001327694602,0.003275987054,0.06545125783,0.002276734149,0.06545125783,0.002276734149,0,0.06551974107,0.06264318968,0.9560964169,0.9375,0.01210307296,0.9093658839,0.9573108586,0.2470592957,0.2470592957
linear,200,8,1600,0.5,nonprivate,spillover_treated,400,0.002389359019,0.004331280279,0.08655024316,0.00320670539,0.08655024316,0.00320670539,0,0.08662560558,0.08613126187,0.9942933304,0.945,0.01139901312,0.9181325522,0.9634015059,0.339694211,0.339694211
linear,200,8,1600,0.5,one_bit,direct_high,400,0.0068280539,0.008839843045,0.1767076951,0.006561143191,0.1767076951,0.006561143191,0,0.1767968609,0.1849220031,1.045957503,0.955,0.01036520622,0.9299952708,0.9713485413,0.7293163084,0.7288959325
linear,200,8,1600,0.5,one_bit,direct_low,400,-0.003684255405,0.0094782853,0.1893644442,0.00654425596,0.1893644442,0.00654425596,0,0.189565706,0.1852127262,0.9770370922,0.945,0.01139901312,0.9181325522,0.9634015059,0.7304628949,0.7300137899
linear,200,8,1600,0.5,one_bit,spillover_control,400,-0.002896457235,0.008898714674,0.1777752837,0.006667251737,0.1777752837,0.006667251737,0,0.1779742935,0.1903555962,1.069567927,0.96,0.009797958971,0.9360177523,0.9752309369,0.7507459273,0.7504223109
linear,200,8,1600,0.5,one_bit,spillover_treated,400,0.007615852068,0.01020701087,0.2040270728,0.007369894011,0.2040270728,0.007369894011,0,0.2041402173,0.1994175236,0.9768654418,0.9525,0.01063528914,0.9270084506,0.969382923,0.7864853813,0.7858825393
linear,200,8,1600,1,laplace,direct_high,400,-0.001941926262,0.006949599031,0.1388317141,0.004971053044,0.1388317141,0.004971053044,0,0.1389919806,0.1322202444,0.9512796624,0.9275,0.01296569994,0.8978175067,0.9490494816,0.5214651525,0.5214651525
linear,200,8,1600,1,laplace,direct_low,400,-0.002920496856,0.006455346337,0.1289785111,0.004516629384,0.1289785111,0.004516629384,0,0.1291069267,0.1311250205,1.015631181,0.945,0.01139901312,0.9181325522,0.9634015059,0.5171456847,0.5171456847
linear,200,8,1600,1,laplace,spillover_control,400,0.002540879733,0.007123092301,0.1423063428,0.005457403403,0.1423063428,0.005457403403,0,0.142461846,0.138959761,0.9754173826,0.945,0.01139901312,0.9181325522,0.9634015059,0.54804522,0.54804522
linear,200,8,1600,1,laplace,spillover_treated,400,0.003519450327,0.007604015068,0.1519308512,0.00539372848,0.1519308512,0.00539372848,0,0.1520803014,0.1511328152,0.99376983,0.94,0.01187434209,0.9122771511,0.9593520299,0.5960546881,0.5960546881
linear,200,8,1600,1,naive_bit,direct_high,400,-0.08869140625,0.003108010771,0.1082607879,0.002828705032,0.1082607879,0.002828705032,0,0.06216021543,0.06246968334,1.004978553,0.7,0.02291287847,0.6533627542,0.742832328,0.2463750018,0.2463750018
linear,200,8,1600,1,naive_bit,direct_low,400,-0.0685,0.003168377862,0.09326123895,0.002520043291,0.09326123895,0.002520043291,0,0.06336755723,0.06028397508,0.9513381564,0.765,0.02119994104,0.7210494588,0.8039090252,0.2377547583,0.2377547583
linear,200,8,1600,1,naive_bit,spillover_control,400,-0.066453125,0.0043305103,0.1090806687,0.003797213093,0.1090806687,0.003797213093,0,0.08661020599,0.08381273822,0.9677004835,0.855,0.01760504189,0.8171167607,0.8861295103,0.3305501552,0.3305501552
linear,200,8,1600,1,naive_bit,spillover_treated,400,-0.08664453125,0.004814902008,0.1294503922,0.004739784191,0.1294503922,0.004739784191,0,0.09629804016,0.09331297526,0.9690018105,0.87,0.01681517172,0.8334921545,0.8994687477,0.3680182645,0.3680182645
linear,200,8,1600,1,nonprivate,direct_high,400,0.001555275647,0.002259060699,0.04515149637,0.001530922358,0.04515149637,0.001530922358,0,0.04518121399,0.04608143192,1.019924607,0.945,0.01139901312,0.9181325522,0.9634015059,0.1817411625,0.1817411625
linear,200,8,1600,1,nonprivate,direct_low,400,0.0004936112281,0.002114662271,0.04224322979,0.001646336321,0.04224322979,0.001646336321,0,0.04229324542,0.04018299356,0.9501042816,0.925,0.01316956719,0.8949522937,0.9469622561,0.1584782342,0.1584782342
linear,200,8,1600,1,nonprivate,spillover_control,400,0.001327694602,0.003275987054,0.06545125783,0.002276734149,0.06545125783,0.002276734149,0,0.06551974107,0.06264318968,0.9560964169,0.9375,0.01210307296,0.9093658839,0.9573108586,0.2470592957,0.2470592957
linear,200,8,1600,1,nonprivate,spillover_treated,400,0.002389359019,0.004331280279,0.08655024316,0.00320670539,0.08655024316,0.00320670539,0,0.08662560558,0.08613126187,0.9942933304,0.945,0.01139901312,0.9181325522,0.9634015059,0.339694211,0.339694211
linear,200,8,1600,1,one_bit,direct_high,400,0.002792604054,0.005264252708,0.1051904412,0.003535077998,0.1051904412,0.003535077998,0,0.1052850542,0.1054429698,1.001499887,0.9625,0.009499177596,0.9390561576,0.9771449702,0.4158579087,0.4158579087
linear,200,8,1600,1,one_bit,direct_low,400,0.004106140875,0.005232926106,0.1046082364,0.00411089441,0.1046082364,0.00411089441,0,0.1046585221,0.1023794411,0.9782236458,0.9325,0.01254429651,0.9035733346,0.9531985308,0.4037756176,0.4037756176
linear,200,8,1600,1,one_bit,spillover_control,400,0.007098728023,0.005745782073,0.1149912283,0.003782615334,0.1149912283,0.003782615334,0,0.1149156415,0.1135485759,0.9881037466,0.945,0.01139901312,0.9181325522,0.9634015059,0.4478257146,0.4478257146
linear,200,8,1600,1,one_bit,spillover_treated,400,0.005785191203,0.006578226797,0.131527269,0.005326429415,0.131527269,0.005326429415,0,0.1315645359,0.12792901,0.9723669762,0.9375,0.01210307296,0.9093658839,0.9573108586,0.5045408969,0.5045408969
linear,200,8,1600,2,laplace,direct_high,400,0.005383617921,0.003939380379,0.07887301016,0.002771412098,0.07887301016,0.002771412098,0,0.07878760757,0.07717158998,0.9794889369,0.9475,0.01115165346,0.9210780249,0.9654084716,0.3043580438,0.3043580438
linear,200,8,1600,2,laplace,direct_low,400,0.0008822583936,0.003672160865,0.07335666148,0.002660180583,0.07335666148,0.002660180583,0,0.07344321731,0.07450674216,1.014480913,0.9525,0.01063528914,0.9270084506,0.969382923,0.2938481156,0.2938481156
linear,200,8,1600,2,laplace,spillover_control,400,-0.001839936885,0.0044378924,0.08866592389,0.002952595819,0.08866592389,0.002952595819,0,0.08875784799,0.08789030327,0.9902257125,0.935,0.01232629304,0.9064647858,0.9552595181,0.3466317174,0.3466317174
linear,200,8,1600,2,laplace,spillover_treated,400,0.002661422644,0.005144294346,0.1027916589,0.003933530728,0.1027916589,0.003933530728,0,0.1028858869,0.1067182228,1.037248411,0.955,0.01036520622,0.9299952708,0.9713485413,0.4208873955,0.4208873955
linear,200,8,1600,2,naive_bit,direct_high,400,-0.0372734375,0.003180744751,0.07366170562,0.002704986877,0.07366170562,0.002704986877,0,0.06361489503,0.06316689454,0.9929576166,0.915,0.01394408477,0.8835678157,0.93853698,0.2491247421,0.2491247421
linear,200,8,1600,2,naive_bit,direct_low,400,-0.03061328125,0.003187611762,0.07064955498,0.002358099642,0.07064955498,0.002358099642,0,0.06375223525,0.05979326134,0.9379006259,0.88,0.01624807681,0.8444860471,0.9082846092,0.235819426,0.235819426
linear,200,8,1600,2,naive_bit,spillover_control,400,-0.03195703125,0.004151490128,0.08887049616,0.003244050556,0.08887049616,0.003244050556,0,0.08302980255,0.07950750775,0.9575779456,0.9275,0.01296569994,0.8978175067,0.9490494816,0.3135707005,0.3135707005
linear,200,8,1600,2,naive_bit,spillover_treated,400,-0.0386171875,0.004842184578,0.1041467283,0.00367041483,0.1041467283,0.00367041483,0,0.09684369157,0.09517717719,0.9827917095,0.925,0.01316956719,0.8949522937,0.9469622561,0.3753705148,0.3753705148
linear,200,8,1600,2,nonprivate,direct_high,400,0.001555275647,0.002259060699,0.04515149637,0.001530922358,0.04515149637,0.001530922358,0,0.04518121399,0.04608143192,1.019924607,0.945,0.01139901312,0.9181325522,0.9634015059,0.1817411625,0.1817411625
linear,200,8,1600,2,nonprivate,direct_low,400,0.0004936112281,0.002114662271,0.04224322979,0.001646336321,0.04224322979,0.001646336321,0,0.04229324542,0.04018299356,0.9501042816,0.925,0.01316956719,0.8949522937,0.9469622561,0.1584782342,0.1584782342
linear,200,8,1600,2,nonprivate,spillover_control,400,0.001327694602,0.003275987054,0.06545125783,0.002276734149,0.06545125783,0.002276734149,0,0.06551974107,0.06264318968,0.9560964169,0.9375,0.01210307296,0.9093658839,0.9573108586,0.2470592957,0.2470592957
linear,200,8,1600,2,nonprivate,spillover_treated,400,0.002389359019,0.004331280279,0.08655024316,0.00320670539,0.08655024316,0.00320670539,0,0.08662560558,0.08613126187,0.9942933304,0.945,0.01139901312,0.9181325522,0.9634015059,0.339694211,0.339694211
linear,200,8,1600,2,one_bit,direct_high,400,0.003426040791,0.003755861552,0.07510146243,0.002807432206,0.07510146243,0.002807432206,0,0.07511723105,0.07388927824,0.9836528478,0.9525,0.01063528914,0.9270084506,0.969382923,0.2914128915,0.2914128915
linear,200,8,1600,2,one_bit,direct_low,400,0.000773397297,0.003713330573,0.07417775204,0.002736307411,0.07417775204,0.002736307411,0,0.07426661146,0.07004819879,0.9431990691,0.9325,0.01254429651,0.9035733346,0.9531985308,0.2762640081,0.2762640081
linear,200,8,1600,2,one_bit,spillover_control,400,-0.001377396797,0.004427408465,0.08844814053,0.003205155895,0.08844814053,0.003205155895,0,0.08854816931,0.08478533717,0.9575052521,0.9425,0.01163977556,0.9151991623,0.9613824572,0.334386001,0.334386001
linear,200,8,1600,2,one_bit,spillover_treated,400,0.001275246697,0.005293241953,0.1057401153,0.003477695384,0.1057401153,0.003477695384,0,0.1058648391,0.1035650322,0.9782760091,0.945,0.01139901312,0.9181325522,0.9634015059,0.4084514862,0.4084514862
linear,400,8,3200,0.5,laplace,direct_high,400,-0.004581127692,0.008976560074,0.1793651594,0.007112229551,0.1793651594,0.007112229551,0,0.1795312015,0.1797353716,1.00113724,0.945,0.01139901312,0.9181325522,0.9634015059,0.7066933462,0.7063679503
linear,400,8,3200,0.5,laplace,direct_low,400,-0.01145136965,0.009007519078,0.1802890968,0.0060621236,0.1802890968,0.0060621236,0,0.1801503816,0.1786634051,0.9917459156,0.9525,0.01063528914,0.9270084506,0.969382923,0.7024785297,0.7021937426
linear,400,8,3200,0.5,laplace,spillover_control,400,0.005952847733,0.009306116476,0.1859848223,0.007270539964,0.1859848223,0.007270539964,0,0.1861223295,0.1821932804,0.9788899637,0.9475,0.01115165346,0.9210780249,0.9654084716,0.7163574861,0.7157810577
linear,400,8,3200,0.5,laplace,spillover_treated,400,0.01282308969,0.008838757816,0.177019106,0.006695077818,0.177019106,0.006695077818,0,0.1767751563,0.1862004005,1.053317697,0.955,0.01036520622,0.9299952708,0.9713485413,0.7321128997,0.731908308
linear,400,8,3200,0.5,naive_bit,direct_high,400,-0.1301777344,0.002232868989,0.137606462,0.0020927778,0.137606462,0.0020927778,0,0.04465737977,0.04415077459,0.9886557344,0.155,0.01809523418,0.1228325867,0.1937308964,0.1735944258,0.1735944258
linear,400,8,3200,0.5,naive_bit,direct_low,400,-0.09935546875,0.002094033519,0.1078012743,0.001953026943,0.1078012743,0.001953026943,0,0.04188067039,0.04346327333,1.037788386,0.365,0.02407150805,0.3193122417,0.4132560778,0.1708912708,0.1708912708
linear,400,8,3200,0.5,naive_bit,spillover_control,400,-0.09845703125,0.003189369211,0.1172708204,0.002866817405,0.1172708204,0.002866817405,0,0.06378738422,0.06178421472,0.9685961491,0.645,0.02392566613,0.5969304612,0.6903109734,0.2429265483,0.2429265483
linear,400,8,3200,0.5,naive_bit,spillover_treated,400,-0.1292792969,0.003233431488,0.1445154428,0.00328688495,0.1445154428,0.00328688495,0,0.06466862976,0.06519124378,1.008081415,0.515,0.02498874747,0.4661135603,0.5636010708,0.2563224912,0.2563224912
linear,400,8,3200,0.5,nonprivate,direct_high,400,-0.00230414556,0.001624295293,0.0325269862,0.001052176845,0.0325269862,0.001052176845,0,0.03248590586,0.03252186592,1.001106943,0.955,0.01036520622,0.9299952708,0.9713485413,0.1278712478,0.1278712478
linear,400,8,3200,0.5,nonprivate,direct_low,400,0.0007470350298,0.001323278962,0.02644303081,0.001016256894,0.02644303081,0.001016256894,0,0.02646557924,0.02844821811,1.074913867,0.9625,0.009499177596,0.9390561576,0.9771449702,0.111854257,0.111854257
linear,400,8,3200,0.5,nonprivate,spillover_control,400,0.001588955727,0.002261808039,0.04520751317,0.001439877659,0.04520751317,0.001439877659,0,0.04523616078,0.04432896435,0.9799453265,0.955,0.01036520622,0.9299952708,0.9713485413,0.174295042,0.174295042
linear,400,8,3200,0.5,nonprivate,spillover_treated,400,-0.001462224861,0.003009368398,0.06012986832,0.001995760201,0.06012986832,0.001995760201,0,0.06018736795,0.06078678047,1.009959108,0.9525,0.01063528914,0.9270084506,0.969382923,0.2390047819,0.2390047819
linear,400,8,3200,0.5,one_bit,direct_high,400,-0.005879720316,0.006509526922,0.130160568,0.004458832859,0.130160568,0.004458832859,0,0.1301905384,0.1315828624,1.010694509,0.94,0.01187434209,0.9122771511,0.9593520299,0.5173646816,0.5173646816
linear,400,8,3200,0.5,one_bit,direct_low,400,-0.001482637432,0.006482851719,0.129503349,0.004360329711,0.129503349,0.004360329711,0,0.1296570344,0.1307029406,1.008066714,0.95,0.01089724736,0.9240363649,0.9674025702,0.5139049571,0.5139049571
linear,400,8,3200,0.5,one_bit,spillover_control,400,-0.001945050178,0.006816081098,0.136165006,0.005011278776,0.136165006,0.005011278776,0,0.136321622,0.1349820895,0.9901737345,0.9325,0.01254429651,0.9035733346,0.9531985308,0.5307299484,0.5307299484
linear,400,8,3200,0.5,one_bit,spillover_treated,400,-0.006342133062,0.006979673558,0.1395630467,0.005143532196,0.1395630467,0.005143532196,0,0.1395934712,0.1411485859,1.011140311,0.9475,0.01115165346,0.9210780249,0.9654084716,0.5549757156,0.5549757156
linear,400,8,3200,1,laplace,direct_high,400,-0.001338041925,0.004625520443,0.09240438661,0.002980760464,0.09240438661,0.002980760464,0,0.09251040887,0.09391321,1.015163711,0.96,0.009797958971,0.9360177523,0.9752309369,0.369253086,0.369253086
linear,400,8,3200,1,laplace,direct_low,400,0.006753509536,0.00455939182,0.09132383776,0.003197133539,0.09132383776,0.003197133539,0,0.09118783639,0.09305883217,1.020518041,0.955,0.01036520622,0.9299952708,0.9713485413,0.3658937966,0.3658937966
linear,400,8,3200,1,laplace,spillover_control,400,0.001000677958,0.004898261895,0.09784782176,0.003494178865,0.09784782176,0.003494178865,0,0.0979652379,0.0986159954,1.006642739,0.96,0.009797958971,0.9360177523,0.9752309369,0.3877437543,0.3877437543
linear,400,8,3200,1,laplace,spillover_treated,400,-0.007090873504,0.00526349745,0.1053771239,0.003770285455,0.1053771239,0.003770285455,0,0.105269949,0.1075590615,1.021745166,0.96,0.009797958971,0.9360177523,0.9752309369,0.4229065899,0.4229065899
linear,400,8,3200,1,naive_bit,direct_high,400,-0.09059570312,0.00221328705,0.1008074333,0.002165200238,0.1008074333,0.002165200238,0,0.04426574099,0.04442139833,1.003516429,0.4875,0.02499218628,0.4388685044,0.5363693029,0.174658479,0.174658479
linear,400,8,3200,1,naive_bit,direct_low,400,-0.07021289062,0.002054230234,0.0813238888,0.001820994749,0.0813238888,0.001820994749,0,0.04108460468,0.04297218522,1.045943743,0.6125,0.02435896909,0.5639027294,0.6589570043,0.1689603838,0.1689603838
linear,400,8,3200,1,naive_bit,spillover_control,400,-0.07049414063,0.00301415558,0.09270594519,0.002618052039,0.09270594519,0.002618052039,0,0.0602831116,0.05940665051,0.9854609182,0.7375,0.02199964488,0.6922684601,0.7782132001,0.2335783116,0.2335783116
linear,400,8,3200,1,naive_bit,spillover_treated,400,-0.09087695313,0.003323263237,0.1125398061,0.003181204103,0.1125398061,0.003181204103,0,0.06646526473,0.06605885522,0.9938853848,0.7375,0.02199964488,0.6922684601,0.7782132001,0.2597338132,0.2597338132
linear,400,8,3200,1,nonprivate,direct_high,400,-0.00230414556,0.001624295293,0.0325269862,0.001052176845,0.0325269862,0.001052176845,0,0.03248590586,0.03252186592,1.001106943,0.955,0.01036520622,0.9299952708,0.9713485413,0.1278712478,0.1278712478
linear,400,8,3200,1,nonprivate,direct_low,400,0.0007470350298,0.001323278962,0.02644303081,0.001016256894,0.02644303081,0.001016256894,0,0.02646557924,0.02844821811,1.074913867,0.9625,0.009499177596,0.9390561576,0.9771449702,0.111854257,0.111854257
linear,400,8,3200,1,nonprivate,spillover_control,400,0.001588955727,0.002261808039,0.04520751317,0.001439877659,0.04520751317,0.001439877659,0,0.04523616078,0.04432896435,0.9799453265,0.955,0.01036520622,0.9299952708,0.9713485413,0.174295042,0.174295042
linear,400,8,3200,1,nonprivate,spillover_treated,400,-0.001462224861,0.003009368398,0.06012986832,0.001995760201,0.06012986832,0.001995760201,0,0.06018736795,0.06078678047,1.009959108,0.9525,0.01063528914,0.9270084506,0.969382923,0.2390047819,0.2390047819
linear,400,8,3200,1,one_bit,direct_high,400,0.002403492628,0.003747793328,0.07490068593,0.002674574944,0.07490068593,0.002674574944,0,0.07495586656,0.07504622197,1.001205448,0.935,0.01232629304,0.9064647858,0.9552595181,0.2950708324,0.2950708324
linear,400,8,3200,1,one_bit,direct_low,400,0.000658686863,0.003649897076,0.07290961243,0.002810017485,0.07290961243,0.002810017485,0,0.07299794151,0.07301270804,1.000202287,0.9525,0.01063528914,0.9270084506,0.969382923,0.2870753514,0.2870753514
linear,400,8,3200,1,one_bit,spillover_control,400,-0.001509440743,0.004020822977,0.08033005887,0.002887319269,0.08033005887,0.002887319268,0,0.08041645953,0.08054164795,1.001556751,0.9475,0.01115165346,0.9210780249,0.9654084716,0.3166780483,0.3166780483
linear,400,8,3200,1,one_bit,spillover_treated,400,0.0002353650245,0.004645737228,0.09279882693,0.003284635501,0.09279882693,0.003284635501,0,0.09291474456,0.09071808834,0.9763583678,0.9525,0.01063528914,0.9270084506,0.969382923,0.3566903322,0.3566903322
linear,400,8,3200,2,laplace,direct_high,400,0.003381473411,0.002791557334,0.0558637495,0.001892221846,0.05586374951,0.001892221846,0,0.05583114667,0.05498935678,0.9849225757,0.95,0.01089724736,0.9240363649,0.9674025702,0.216210155,0.216210155
linear,400,8,3200,2,laplace,direct_low,400,-0.0003084527005,0.00279997592,0.05593032575,0.002084713543,0.05593032576,0.002084713543,0,0.0559995184,0.05259879511,0.939272276,0.935,0.01232629304,0.9064647858,0.9552595181,0.2068108141,0.2068108141
linear,400,8,3200,2,laplace,spillover_control,400,-0.003264190713,0.003263772538,0.06527547167,0.002297531943,0.06527547167,0.002297531943,0,0.06527545076,0.06269456234,0.9604615763,0.9475,0.01115165346,0.9210780249,0.9654084716,0.2465059028,0.2465059028
linear,400,8,3200,2,laplace,spillover_treated,400,0.0004257354006,0.003873195371,0.07736818829,0.00286280886,0.07736818829,0.00286280886,0,0.07746390741,0.07518423473,0.9705711633,0.9425,0.01163977556,0.9151991623,0.9613824572,0.2956134786,0.2956134786
linear,400,8,3200,2,naive_bit,direct_high,400,-0.04220117187,0.002218209615,0.06118986854,0.001969337981,0.06118986854,0.001969337981,0,0.0443641923,0.04458582507,1.004995758,0.845,0.01809523418,0.8062691036,0.8771674133,0.175304981,0.175304981
linear,400,8,3200,2,naive_bit,direct_low,400,-0.0328203125,0.002023078599,0.0520597625,0.001647060975,0.0520597625,0.001647060975,0,0.04046157197,0.04223979748,1.043948503,0.8625,0.01721872164,0.8252880733,0.8928155133,0.1660807417,0.1660807417
linear,400,8,3200,2,naive_bit,spillover_control,400,-0.0297265625,0.002851567704,0.06425038853,0.002051283179,0.06425038853,0.002051283179,0,0.05703135407,0.05645516108,0.9898969084,0.9,0.015,0.8666894237,0.9257007409,0.2219734843,0.2219734843
linear,400,8,3200,2,naive_bit,spillover_treated,400,-0.03910742187,0.003377865469,0.07798698943,0.002749844882,0.07798698943,0.002749844882,0,0.06755730937,0.06711169117,0.9934038491,0.9125,0.01412831819,0.8807392674,0.9364130898,0.2638734111,0.2638734111
linear,400,8,3200,2,nonprivate,direct_high,400,-0.00230414556,0.001624295293,0.0325269862,0.001052176845,0.0325269862,0.001052176845,0,0.03248590586,0.03252186592,1.001106943,0.955,0.01036520622,0.9299952708,0.9713485413,0.1278712478,0.1278712478
linear,400,8,3200,2,nonprivate,direct_low,400,0.0007470350298,0.001323278962,0.02644303081,0.001016256894,0.02644303081,0.001016256894,0,0.02646557924,0.02844821811,1.074913867,0.9625,0.009499177596,0.9390561576,0.9771449702,0.111854257,0.111854257
linear,400,8,3200,2,nonprivate,spillover_control,400,0.001588955727,0.002261808039,0.04520751317,0.001439877659,0.04520751317,0.001439877659,0,0.04523616078,0.04432896435,0.9799453265,0.955,0.01036520622,0.9299952708,0.9713485413,0.174295042,0.174295042
linear,400,8,3200,2,nonprivate,spillover_treated,400,-0.001462224861,0.003009368398,0.06012986832,0.001995760201,0.06012986832,0.001995760201,0,0.06018736795,0.06078678047,1.009959108,0.9525,0.01063528914,0.9270084506,0.969382923,0.2390047819,0.2390047819
linear,400,8,3200,2,one_bit,direct_high,400,-0.002040640076,0.002582693467,0.05162960512,0.001921642214,0.05162960512,0.001921642214,0,0.05165386935,0.0521584643,1.009768774,0.9525,0.01063528914,0.9270084506,0.969382923,0.2050794974,0.2050794974
linear,400,8,3200,2,one_bit,direct_low,400,-0.002054813347,0.002394937245,0.04788294368,0.001646273966,0.04788294368,0.001646273966,0,0.04789874489,0.0494701604,1.032807029,0.9475,0.01115165346,0.9210780249,0.9654084716,0.1945094773,0.1945094773
linear,400,8,3200,2,one_bit,spillover_control,400,0.001587971197,0.003019299379,0.06033135984,0.001990144995,0.06033135984,0.001990144995,0,0.06038598758,0.0602118982,0.9971170567,0.9575,0.01008634597,0.9329979457,0.973298305,0.2367444284,0.2367444284
linear,400,8,3200,2,one_bit,spillover_treated,400,0.001602144469,0.003675969022,0.07344490056,0.00260098069,0.07344490056,0.00260098069,0,0.07351938043,0.07299421841,0.9928568219,0.9525,0.01063528914,0.9270084506,0.969382923,0.2870026528,0.2870026528
